survived,pclass,sex,age,sibsp,parch,fare,embarked,title,ticketHeader,ticketNumber,cabinLetter,cabinNumber,child,parent,othersAlive,othersDrown
0,3,male,22,1,0,7.25,S,Mr,A,21171,NA,,0,0,0,1
1,1,female,38,1,0,71.2833,C,Mrs,P,17599,C,85,0,0,0,0
1,3,female,26,0,0,7.925,S,Miss,SOTON,3101282,NA,,0,0,0,0
1,1,female,35,1,0,53.1,S,Mrs,NA,113803,C,123,0,0,0,1
0,3,male,35,0,0,8.05,S,Mr,NA,373450,NA,,0,0,0,0
0,3,male,,0,0,8.4583,Q,Mr,NA,330877,NA,,0,0,0,0
0,1,male,54,0,0,51.8625,S,Mr,NA,17463,E,46,0,0,0,0
0,3,male,2,3,1,21.075,S,Master,NA,349909,NA,,1,0,0,3
1,3,female,27,0,2,11.1333,S,Mrs,NA,347742,NA,,0,1,2,0
1,2,female,14,1,0,30.0708,C,Mrs,NA,237736,NA,,0,0,0,1
1,3,female,4,1,1,16.7,S,Miss,P,9549,G,6,1,0,1,0
1,1,female,58,0,0,26.55,S,Miss,NA,113783,C,103,0,0,0,0
0,3,male,20,0,0,8.05,S,Mr,A,2151,NA,,0,0,0,0
0,3,male,39,1,5,31.275,S,Mr,NA,347082,NA,,0,1,0,6
0,3,female,14,0,0,7.8542,S,Miss,NA,350406,NA,,0,0,0,0
1,2,female,55,0,0,16,S,Mrs,NA,248706,NA,,0,0,0,0
0,3,male,2,4,1,29.125,Q,Master,NA,382652,NA,,1,0,0,4
1,2,male,,0,0,13,S,Mr,NA,244373,NA,,0,0,0,0
0,3,female,31,1,0,18,S,Mrs,NA,345763,NA,,0,0,0,2
1,3,female,,0,0,7.225,C,Mrs,NA,2649,NA,,0,0,0,0
0,2,male,35,0,0,26,S,Mr,NA,239865,NA,,0,0,0,0
1,2,male,34,0,0,13,S,Mr,NA,248698,D,56,0,0,0,0
1,3,female,15,0,0,8.0292,Q,Miss,NA,330923,NA,,0,0,0,0
1,1,male,28,0,0,35.5,S,Mr,NA,113788,A,6,0,0,0,0
0,3,female,8,3,1,21.075,S,Miss,NA,349909,NA,,1,0,0,3
1,3,female,38,1,5,31.3875,S,Mrs,NA,347077,NA,,0,1,2,1
0,3,male,,0,0,7.225,C,Mr,NA,2631,NA,,0,0,0,0
0,1,male,19,3,2,263,S,Mr,NA,19950,C,23,1,0,2,1
1,3,female,,0,0,7.8792,Q,Miss,NA,330959,NA,,0,0,0,0
0,3,male,,0,0,7.8958,S,Mr,NA,349216,NA,,0,0,0,0
0,1,male,40,0,0,27.7208,C,Royal,P,17601,NA,,0,0,0,0
1,1,female,,1,0,146.5208,C,Mrs,P,17569,B,78,0,0,0,0
1,3,female,,0,0,7.75,Q,Miss,NA,335677,NA,,0,0,0,0
0,2,male,66,0,0,10.5,S,Mr,C,24579,NA,,0,0,0,0
0,1,male,28,1,0,82.1708,C,Mr,P,17604,NA,,0,0,1,0
0,1,male,42,1,0,52,S,Mr,NA,113789,NA,,0,0,1,0
1,3,male,,0,0,7.2292,C,Mr,NA,2677,NA,,0,0,0,0
0,3,male,21,0,0,8.05,S,Mr,A,2152,NA,,0,0,0,0
0,3,female,18,2,0,18,S,Miss,NA,345764,NA,,0,0,0,2
1,3,female,14,1,0,11.2417,C,Miss,NA,2651,NA,,0,0,1,0
0,3,female,40,1,0,9.475,S,Mrs,NA,7546,NA,,0,0,0,0
0,2,female,27,1,0,21,S,Mrs,NA,11668,NA,,0,0,0,1
0,3,male,,0,0,7.8958,C,Mr,NA,349253,NA,,0,0,0,0
1,2,female,3,1,2,41.5792,C,Miss,SCPARIS,2123,NA,,1,0,1,1
1,3,female,19,0,0,7.8792,Q,Miss,NA,330958,NA,,0,0,0,0
0,3,male,,0,0,8.05,S,Mr,S,23567,NA,,0,0,0,0
0,3,male,,1,0,15.5,Q,Mr,NA,370371,NA,,0,0,0,0
1,3,female,,0,0,7.75,Q,Miss,NA,14311,NA,,0,0,0,0
0,3,male,,2,0,21.6792,C,Mr,NA,2662,NA,,0,0,0,0
0,3,female,18,1,0,17.8,S,Mrs,NA,349237,NA,,0,0,0,1
0,3,male,7,4,1,39.6875,S,Master,NA,3101295,NA,,1,0,0,5
0,3,male,21,0,0,7.8,S,Mr,A,39886,NA,,0,0,0,0
1,1,female,49,1,0,76.7292,C,Mrs,P,17572,D,33,0,0,1,0
1,2,female,29,1,0,26,S,Mrs,NA,2926,NA,,0,0,0,0
0,1,male,65,0,1,61.9792,C,Mr,NA,113509,B,30,0,1,0,0
1,1,male,,0,0,35.5,S,Mr,NA,19947,C,52,0,0,0,0
1,2,female,21,0,0,10.5,S,Miss,C,31026,NA,,0,0,0,0
0,3,male,28.5,0,0,7.2292,C,Mr,NA,2697,NA,,0,0,0,0
1,2,female,5,1,2,27.75,S,Miss,C,34651,NA,,1,0,1,1
0,3,male,11,5,2,46.9,S,Master,C,2144,NA,,1,0,0,5
0,3,male,22,0,0,7.2292,C,Mr,NA,2669,NA,,0,0,0,0
1,1,female,38,0,0,80,NA,Miss,NA,113572,B,28,0,0,0,0
0,1,male,45,1,0,83.475,S,Mr,NA,36973,C,83,0,0,1,0
0,3,male,4,3,2,27.9,S,Master,NA,347088,NA,,1,0,0,5
0,1,male,,0,0,27.7208,C,Mr,P,17605,NA,,0,0,0,0
1,3,male,,1,1,15.2458,C,Master,NA,2661,NA,,1,0,1,0
1,2,female,29,0,0,10.5,S,Mrs,C,29395,F,33,0,0,0,0
0,3,male,19,0,0,8.1583,S,Mr,S,3464,NA,,0,0,0,0
1,3,female,17,4,2,7.925,S,Miss,NA,3101281,NA,,0,0,0,0
0,3,male,26,2,0,8.6625,S,Mr,NA,315151,NA,,0,0,1,0
0,2,male,32,0,0,10.5,S,Mr,C,33111,NA,,0,0,0,0
0,3,female,16,5,2,46.9,S,Miss,C,2144,NA,,1,0,0,5
0,2,male,21,0,0,73.5,S,Mr,S,14879,NA,,0,0,0,0
0,3,male,26,1,0,14.4542,C,Mr,NA,2680,NA,,0,0,0,0
1,3,male,32,0,0,56.4958,S,Mr,NA,1601,NA,,0,0,0,0
0,3,male,25,0,0,7.65,S,Mr,NA,348123,F,73,0,0,0,0
0,3,male,,0,0,7.8958,S,Mr,NA,349208,NA,,0,0,0,0
0,3,male,,0,0,8.05,S,Mr,NA,374746,NA,,0,0,0,0
1,2,male,0.83,0,2,29,S,Master,NA,248738,NA,,1,0,1,0
1,3,female,30,0,0,12.475,S,Miss,NA,364516,NA,,0,0,0,0
0,3,male,22,0,0,9,S,Mr,NA,345767,NA,,0,0,0,0
1,3,male,29,0,0,9.5,S,Mr,NA,345779,NA,,0,0,0,0
1,3,female,,0,0,7.7875,Q,Miss,NA,330932,NA,,0,0,0,0
0,1,male,28,0,0,47.1,S,Mr,NA,113059,NA,,0,0,0,0
1,2,female,17,0,0,10.5,S,Miss,S,14885,NA,,0,0,0,0
1,3,female,33,3,0,15.85,S,Mrs,NA,3101278,NA,,0,0,0,3
0,3,male,16,1,3,34.375,S,Mr,W,6608,NA,,0,1,0,3
0,3,male,,0,0,8.05,S,Mr,SOTON,392086,NA,,0,0,0,0
1,1,female,23,3,2,263,S,Miss,NA,19950,C,23,1,0,1,2
0,3,male,24,0,0,8.05,S,Mr,NA,343275,NA,,0,0,0,0
0,3,male,29,0,0,8.05,S,Mr,NA,343276,NA,,0,0,0,0
0,3,male,20,0,0,7.8542,S,Mr,NA,347466,NA,,0,0,0,0
0,1,male,46,1,0,61.175,S,Mr,W,5734,E,31,0,0,0,0
0,3,male,26,1,2,20.575,S,Mr,C,2315,NA,,0,1,1,0
0,3,male,59,0,0,7.25,S,Mr,NA,364500,NA,,0,0,0,0
0,3,male,,0,0,8.05,S,Mr,NA,374910,NA,,0,0,0,0
0,1,male,71,0,0,34.6542,C,Mr,P,17754,A,5,0,0,0,0
1,1,male,23,0,1,63.3583,C,Mr,P,17759,D,10,1,0,0,0
1,2,female,34,0,1,23,S,Mrs,NA,231919,NA,,0,1,1,0
0,2,male,34,1,0,26,S,Mr,NA,244367,NA,,0,0,1,0
0,3,female,28,0,0,7.8958,S,Miss,NA,349245,NA,,0,0,0,0
0,3,male,,0,0,7.8958,S,Mr,NA,349215,NA,,0,0,0,0
0,1,male,21,0,1,77.2875,S,Mr,NA,35281,D,26,1,0,0,1
0,3,male,33,0,0,8.6542,S,Mr,NA,7540,NA,,0,0,0,0
0,3,male,37,2,0,7.925,S,Mr,NA,3101276,NA,,0,0,1,2
0,3,male,28,0,0,7.8958,S,Mr,NA,349207,NA,,0,0,0,0
1,3,female,21,0,0,7.65,S,Miss,NA,343120,NA,,0,0,0,0
1,3,male,,0,0,7.775,S,Mr,NA,312991,NA,,0,0,0,0
0,3,male,38,0,0,7.8958,S,Mr,NA,349249,NA,,0,0,0,0
1,3,female,,1,0,24.15,Q,Miss,NA,371110,NA,,0,0,0,1
0,1,male,47,0,0,52,S,Mr,NA,110465,C,110,0,0,0,0
0,3,female,14.5,1,0,14.4542,C,Miss,NA,2665,NA,,0,0,0,1
0,3,male,22,0,0,8.05,S,Mr,NA,324669,NA,,0,0,0,0
0,3,female,20,1,0,9.825,S,Miss,NA,4136,NA,,0,0,0,1
0,3,female,17,0,0,14.4583,C,Miss,NA,2627,NA,,0,0,0,0
0,3,male,21,0,0,7.925,S,Mr,SOTON,3101294,NA,,0,0,0,0
0,3,male,70.5,0,0,7.75,Q,Mr,NA,370369,NA,,0,0,0,0
0,2,male,29,1,0,21,S,Mr,NA,11668,NA,,0,0,0,1
0,1,male,24,0,1,247.5208,C,Mr,P,17558,B,58,1,0,1,0
0,3,female,2,4,2,31.275,S,Miss,NA,347082,NA,,1,0,0,6
0,2,male,21,2,0,73.5,S,Mr,S,14879,NA,,0,0,0,2
0,3,male,,0,0,8.05,S,Mr,A,54510,NA,,0,0,0,0
0,2,male,32.5,1,0,30.0708,C,Mr,NA,237736,NA,,0,0,1,0
1,2,female,32.5,0,0,13,S,Miss,NA,27267,E,101,0,0,0,0
0,1,male,54,0,1,77.2875,S,Mr,NA,35281,D,26,0,1,0,1
1,3,male,12,1,0,11.2417,C,Master,NA,2651,NA,,0,0,1,0
0,3,male,,0,0,7.75,Q,Mr,NA,370372,NA,,0,0,0,0
1,3,male,24,0,0,7.1417,S,Mr,C,17369,NA,,0,0,0,0
1,3,female,,1,1,22.3583,C,Miss,NA,2668,F,69,1,0,1,0
0,3,male,45,0,0,6.975,S,Mr,NA,347061,NA,,0,0,0,0
0,3,male,33,0,0,7.8958,C,Mr,NA,349241,NA,,0,0,0,0
0,3,male,20,0,0,7.05,S,Mr,SOTON,3101307,NA,,0,0,0,0
0,3,female,47,1,0,14.5,S,Mrs,A,3337,NA,,0,0,0,0
1,2,female,29,1,0,26,S,Mrs,NA,228414,NA,,0,0,0,0
0,2,male,25,0,0,13,S,Mr,C,29178,NA,,0,0,0,0
0,2,male,23,0,0,15.0458,C,Mr,SCPARIS,2133,NA,,0,0,0,0
1,1,female,19,0,2,26.2833,S,Miss,NA,11752,D,47,1,0,2,0
0,1,male,37,1,0,53.1,S,Mr,NA,113803,C,123,0,0,1,0
0,3,male,16,0,0,9.2167,S,Mr,NA,7534,NA,,0,0,0,0
0,1,male,24,0,0,79.2,C,Mr,P,17593,B,86,0,0,0,0
0,3,female,,0,2,15.2458,C,Mrs,NA,2678,NA,,0,1,0,1
1,3,female,22,0,0,7.75,S,Miss,NA,347081,NA,,0,0,0,0
1,3,female,24,1,0,15.85,S,Mrs,SOTON,3101279,NA,,0,0,0,1
0,3,male,19,0,0,6.75,Q,Mr,NA,365222,NA,,0,0,0,0
0,2,male,18,0,0,11.5,S,Mr,NA,231945,NA,,0,0,0,0
0,2,male,19,1,1,36.75,S,Mr,C,33112,NA,,1,0,1,0
1,3,male,27,0,0,7.7958,S,Mr,NA,350043,NA,,0,0,0,0
0,3,female,9,2,2,34.375,S,Miss,W,6608,NA,,1,0,0,3
0,2,male,36.5,0,2,26,S,Mr,NA,230080,F,2,0,1,2,0
0,2,male,42,0,0,13,S,Rev,NA,244310,NA,,0,0,0,0
0,2,male,51,0,0,12.525,S,Rev,S,1166,NA,,0,0,0,0
1,1,female,22,1,0,66.6,S,Mrs,NA,113776,C,2,0,0,0,1
0,3,male,55.5,0,0,8.05,S,Mr,A,11206,NA,,0,0,0,0
0,3,male,40.5,0,2,14.5,S,Mr,A,851,NA,,0,1,0,0
0,3,male,,0,0,7.3125,S,Mr,F,265302,NA,,0,0,0,0
0,1,male,51,0,1,61.3792,C,Mr,P,17597,NA,,0,1,0,0
1,3,female,16,0,0,7.7333,Q,Miss,NA,35851,NA,,0,0,0,0
0,3,male,30,0,0,8.05,S,Mr,SOTON,392090,NA,,0,0,0,0
0,3,male,,0,0,8.6625,S,Mr,NA,315037,NA,,0,0,0,0
0,3,male,,8,2,69.55,S,Master,C,2343,NA,,1,0,0,6
0,3,male,44,0,1,16.1,S,Mr,NA,371362,NA,,0,1,0,0
1,2,female,40,0,0,15.75,S,Mrs,C,33595,NA,,0,1,0,0
0,3,male,26,0,0,7.775,S,Mr,NA,347068,NA,,0,0,0,0
0,3,male,17,0,0,8.6625,S,Mr,NA,315093,NA,,0,0,0,0
0,3,male,1,4,1,39.6875,S,Master,NA,3101295,NA,,1,0,0,5
1,3,male,9,0,2,20.525,S,Master,NA,363291,NA,,1,0,1,1
1,1,female,,0,1,55,S,Mrs,NA,113505,E,33,0,1,1,0
0,3,female,45,1,4,27.9,S,Mrs,NA,347088,NA,,0,1,0,5
0,1,male,,0,0,25.925,S,Mr,P,17318,NA,,0,0,0,0
0,3,male,28,0,0,56.4958,S,Mr,NA,1601,NA,,0,0,0,0
0,1,male,61,0,0,33.5,S,Mr,NA,111240,B,19,0,0,0,0
0,3,male,4,4,1,29.125,Q,Master,NA,382652,NA,,1,0,0,4
1,3,female,1,1,1,11.1333,S,Miss,NA,347742,NA,,1,0,2,0
0,3,male,21,0,0,7.925,S,Mr,SOTON,3101280,NA,,0,0,0,0
0,1,male,56,0,0,30.6958,C,Mr,NA,17764,A,7,0,0,0,0
0,3,male,18,1,1,7.8542,S,Mr,NA,350404,NA,,1,0,0,0
0,3,male,,3,1,25.4667,S,Master,NA,4133,NA,,1,0,0,3
0,1,female,50,0,0,28.7125,C,Miss,P,17595,C,49,0,0,0,0
0,2,male,30,0,0,13,S,Mr,NA,250653,NA,,0,0,0,0
0,3,male,36,0,0,0,S,Mr,NA,0,NA,,0,0,0,0
0,3,female,,8,2,69.55,S,Miss,C,2343,NA,,1,0,0,6
0,2,male,,0,0,15.05,C,Mr,SCPARIS,2131,NA,,0,0,0,0
0,3,male,9,4,2,31.3875,S,Master,NA,347077,NA,,1,0,3,0
1,2,male,1,2,1,39,S,Master,NA,230136,F,4,1,0,1,0
1,3,female,4,0,2,22.025,S,Miss,NA,315153,NA,,1,0,0,1
0,1,male,,0,0,50,S,Mr,NA,113767,A,32,0,0,0,0
1,3,female,,1,0,15.5,Q,Mrs,NA,370365,NA,,0,0,0,1
1,1,male,45,0,0,26.55,S,Mr,NA,111428,NA,,0,0,0,0
0,3,male,40,1,1,15.5,Q,Mr,NA,364849,NA,,0,1,0,2
0,3,male,36,0,0,7.8958,S,Mr,NA,349247,NA,,0,0,0,0
1,2,female,32,0,0,13,S,Mrs,NA,234604,NA,,0,0,0,0
0,2,male,19,0,0,13,S,Mr,NA,28424,NA,,0,0,0,0
1,3,female,19,1,0,7.8542,S,Miss,NA,350046,NA,,0,0,0,1
1,2,male,3,1,1,26,S,Master,NA,230080,F,2,1,0,1,1
1,1,female,44,0,0,27.7208,C,Mrs,P,17610,B,4,0,0,0,0
1,1,female,58,0,0,146.5208,C,Miss,P,17569,B,80,0,0,0,0
0,3,male,,0,0,7.75,Q,Mr,NA,368703,NA,,0,0,0,0
0,3,male,42,0,1,8.4042,S,Mr,NA,4579,NA,,0,1,0,0
1,3,female,,0,0,7.75,Q,Miss,NA,370370,NA,,0,0,0,0
0,2,female,24,0,0,13,S,Miss,NA,248747,NA,,0,0,0,0
0,3,male,28,0,0,9.5,S,Mr,NA,345770,NA,,0,0,0,0
0,3,male,,8,2,69.55,S,Mr,C,2343,NA,,1,0,0,6
0,3,male,34,0,0,6.4958,S,Mr,NA,3101264,NA,,0,0,0,0
0,3,male,45.5,0,0,7.225,C,Mr,NA,2628,NA,,0,0,0,0
1,3,male,18,0,0,8.05,S,Mr,A,3540,NA,,0,0,0,0
0,3,female,2,0,1,10.4625,S,Miss,NA,347054,G,6,1,0,0,1
0,3,male,32,1,0,15.85,S,Mr,NA,3101278,NA,,0,0,1,2
1,3,male,26,0,0,18.7875,C,Mr,NA,2699,NA,,0,0,0,0
1,3,female,16,0,0,7.75,Q,Miss,NA,367231,NA,,0,0,0,0
1,1,male,40,0,0,31,C,Mr,NA,112277,A,31,0,0,0,0
0,3,male,24,0,0,7.05,S,Mr,SOTON,3101311,NA,,0,0,0,0
1,2,female,35,0,0,21,S,Miss,F,13528,NA,,0,0,0,0
0,3,male,22,0,0,7.25,S,Mr,A,21174,NA,,0,0,0,0
0,2,male,30,0,0,13,S,Mr,NA,250646,NA,,0,0,0,0
0,3,male,,1,0,7.75,Q,Mr,NA,367229,NA,,0,0,0,0
1,1,female,31,1,0,113.275,C,Miss,NA,35273,D,36,1,0,1,1
1,3,female,27,0,0,7.925,S,Miss,SOTON,3101283,NA,,0,0,0,0
0,2,male,42,1,0,27,S,Mr,NA,243847,NA,,0,0,2,0
1,1,female,32,0,0,76.2917,C,Miss,NA,11813,D,15,0,0,0,0
0,2,male,30,0,0,10.5,S,Mr,W,14208,NA,,0,0,0,0
1,3,male,16,0,0,8.05,S,Mr,SOTON,392089,NA,,0,0,0,0
0,2,male,27,0,0,13,S,Mr,NA,220367,NA,,0,0,0,0
0,3,male,51,0,0,8.05,S,Mr,NA,21440,NA,,0,0,0,0
0,3,male,,0,0,7.8958,S,Mr,NA,349234,NA,,0,0,0,0
1,1,male,38,1,0,90,S,Mr,NA,19943,C,93,0,0,1,0
0,3,male,22,0,0,9.35,S,Mr,P,4348,NA,,0,0,0,0
1,2,male,19,0,0,10.5,S,Mr,S,751,NA,,0,0,0,0
0,3,male,20.5,0,0,7.25,S,Mr,A,21173,NA,,0,0,0,0
0,2,male,18,0,0,13,S,Mr,NA,236171,NA,,0,0,0,0
0,3,female,,3,1,25.4667,S,Miss,NA,4133,NA,,1,0,0,3
1,1,female,35,1,0,83.475,S,Mrs,NA,36973,C,83,0,0,0,1
0,3,male,29,0,0,7.775,S,Mr,NA,347067,NA,,0,0,0,0
0,2,male,59,0,0,13.5,S,Mr,NA,237442,NA,,0,0,0,0
1,3,female,5,4,2,31.3875,S,Miss,NA,347077,NA,,1,0,2,1
0,2,male,24,0,0,10.5,S,Mr,C,29566,NA,,0,0,0,0
0,3,female,,0,0,7.55,S,Miss,W,6609,NA,,0,0,0,0
0,2,male,44,1,0,26,S,Mr,NA,26707,NA,,0,0,0,0
1,2,female,8,0,2,26.25,S,Miss,C,31921,NA,,1,0,1,1
0,2,male,19,0,0,10.5,S,Mr,NA,28665,NA,,0,0,0,0
0,2,male,33,0,0,12.275,S,Mr,S,1585,NA,,0,0,0,0
0,3,female,,1,0,14.4542,C,Miss,NA,2665,NA,,0,0,0,1
1,3,female,,1,0,15.5,Q,Miss,NA,367230,NA,,0,0,1,0
0,2,male,29,0,0,10.5,S,Mr,W,14263,NA,,0,0,0,0
0,3,male,22,0,0,7.125,S,Mr,SOTON,3101275,NA,,0,0,0,0
0,3,male,30,0,0,7.225,C,Mr,NA,2694,NA,,0,0,0,0
0,1,male,44,2,0,90,Q,Dr,NA,19928,C,78,0,0,1,0
0,3,female,25,0,0,7.775,S,Miss,NA,347071,NA,,0,0,0,0
1,2,female,24,0,2,14.5,S,Mrs,NA,250649,NA,,0,1,1,0
1,1,male,37,1,1,52.5542,S,Mr,NA,11751,D,35,0,1,2,0
0,2,male,54,1,0,26,S,Rev,NA,244252,NA,,0,0,0,1
0,3,male,,0,0,7.25,S,Mr,NA,362316,NA,,0,0,0,0
0,3,female,29,1,1,10.4625,S,Mrs,NA,347054,G,6,0,1,0,1
0,1,male,62,0,0,26.55,S,Mr,NA,113514,C,87,0,0,0,0
0,3,male,30,1,0,16.1,S,Mr,A,3336,NA,,0,0,0,1
0,3,female,41,0,2,20.2125,S,Mrs,NA,370129,NA,,0,1,0,1
1,3,female,29,0,2,15.2458,C,Mrs,NA,2650,NA,,0,1,0,0
1,1,female,,0,0,79.2,C,Mrs,P,17585,NA,,0,0,0,0
1,1,female,30,0,0,86.5,S,Miss,NA,110152,B,77,0,0,0,0
1,1,female,35,0,0,512.3292,C,Miss,P,17755,B,55,0,0,0,0
1,2,female,50,0,1,26,S,Mrs,NA,230433,NA,,0,1,1,0
0,3,male,,0,0,7.75,Q,Mr,NA,384461,NA,,0,0,0,0
1,3,male,3,4,2,31.3875,S,Master,NA,347077,NA,,1,0,2,1
0,1,male,52,1,1,79.65,S,Mr,NA,110413,E,67,0,1,2,0
0,1,male,40,0,0,0,S,Mr,NA,112059,B,94,0,0,0,0
0,3,female,,0,0,7.75,Q,Miss,NA,382649,NA,,0,0,0,0
0,2,male,36,0,0,10.5,S,Mr,C,17248,NA,,0,0,0,0
0,3,male,16,4,1,39.6875,S,Mr,NA,3101295,NA,,1,0,0,5
1,3,male,25,1,0,7.775,S,Mr,NA,347083,NA,,0,0,0,0
1,1,female,58,0,1,153.4625,S,Mrs,P,17582,C,125,0,1,0,1
1,1,female,35,0,0,135.6333,S,Miss,P,17760,C,99,0,0,0,0
0,1,male,,0,0,31,S,Mr,NA,113798,NA,,0,0,0,0
1,3,male,25,0,0,0,S,Mr,NA,0,NA,,0,0,0,0
1,2,female,41,0,1,19.5,S,Mrs,NA,250644,NA,,0,1,1,0
0,1,male,37,0,1,29.7,C,Mr,P,17596,C,118,0,0,0,0
1,3,female,,0,0,7.75,Q,Miss,NA,370375,NA,,0,0,0,0
1,1,female,63,1,0,77.9583,S,Miss,NA,13502,D,7,0,0,1,0
0,3,female,45,0,0,7.75,S,Miss,NA,347073,NA,,0,0,0,0
0,2,male,,0,0,0,S,Mr,NA,239853,NA,,0,0,0,0
0,3,male,7,4,1,29.125,Q,Master,NA,382652,NA,,1,0,0,4
1,3,female,35,1,1,20.25,S,Mrs,C,2673,NA,,0,1,0,1
0,3,male,65,0,0,7.75,Q,Mr,NA,336439,NA,,0,0,0,0
0,3,male,28,0,0,7.8542,S,Mr,NA,347464,NA,,0,0,0,0
0,3,male,16,0,0,9.5,S,Mr,NA,345778,NA,,0,0,0,0
1,3,male,19,0,0,8.05,S,Mr,A,10482,NA,,0,0,0,0
0,1,male,,0,0,26,S,Mr,NA,113056,A,19,0,0,0,0
0,3,male,33,0,0,8.6625,C,Mr,NA,349239,NA,,0,0,0,0
1,3,male,30,0,0,9.5,S,Mr,NA,345774,NA,,0,0,0,0
0,3,male,22,0,0,7.8958,S,Mr,NA,349206,NA,,0,0,0,0
1,2,male,42,0,0,13,S,Mr,NA,237798,NA,,0,0,0,0
1,3,female,22,0,0,7.75,Q,Miss,NA,370373,NA,,0,0,0,0
1,1,female,26,0,0,78.85,S,Miss,NA,19877,C,44,0,0,0,0
1,1,female,19,1,0,91.0792,C,Mrs,NA,11967,B,49,0,0,1,0
0,2,male,36,0,0,12.875,C,Mr,SCPARIS,2163,D,,0,0,0,0
0,3,female,24,0,0,8.85,S,Miss,NA,349236,NA,,0,0,0,0
0,3,male,24,0,0,7.8958,S,Mr,NA,349233,NA,,0,0,0,0
0,1,male,,0,0,27.7208,C,Mr,P,17612,NA,,0,0,0,0
0,3,male,23.5,0,0,7.2292,C,Mr,NA,2693,NA,,0,0,0,0
0,1,female,2,1,2,151.55,S,Miss,NA,113781,C,22,1,0,1,1
1,1,male,,0,0,30.5,S,Mr,NA,19988,C,106,0,0,0,0
1,1,female,50,0,1,247.5208,C,Mrs,P,17558,B,60,0,1,0,1
1,3,female,,0,0,7.75,Q,Miss,NA,9234,NA,,0,0,0,0
1,3,male,,2,0,23.25,Q,Mr,NA,367226,NA,,0,0,1,0
0,3,male,19,0,0,0,S,Mr,NA,0,NA,,0,0,0,0
1,2,female,,0,0,12.35,Q,Miss,NA,226593,E,101,0,0,0,0
0,3,male,,0,0,8.05,S,Mr,A,2466,NA,,0,0,0,0
1,1,male,0.92,1,2,151.55,S,Master,NA,113781,C,26,1,0,0,2
1,1,female,,0,0,110.8833,C,Miss,NA,17421,NA,,0,0,0,0
1,1,female,17,1,0,108.9,C,Mrs,P,17758,C,65,0,0,0,1
0,2,male,30,1,0,24,C,Mr,P,3381,NA,,0,0,1,0
1,1,female,30,0,0,56.9292,C,Miss,P,17485,E,36,0,0,0,0
1,1,female,24,0,0,83.1583,C,Miss,NA,11767,C,54,0,0,0,0
1,1,female,18,2,2,262.375,C,Miss,P,17608,B,57,1,0,1,0
0,2,female,26,1,1,26,S,Mrs,NA,250651,NA,,0,1,0,0
0,3,male,28,0,0,7.8958,S,Mr,NA,349243,NA,,0,0,0,0
0,2,male,43,1,1,26.25,S,Mr,F,13529,NA,,0,1,2,0
1,3,female,26,0,0,7.8542,S,Miss,NA,347470,NA,,0,0,0,0
1,2,female,24,1,0,26,S,Mrs,NA,244367,NA,,0,0,0,1
0,2,male,54,0,0,14,S,Dr,NA,29011,NA,,0,0,0,0
1,1,female,31,0,2,164.8667,S,Miss,NA,36928,C,7,1,0,1,0
1,1,female,40,1,1,134.5,C,Mrs,NA,16966,E,34,0,1,0,0
0,3,male,22,0,0,7.25,S,Mr,A,21172,NA,,0,0,0,0
0,3,male,27,0,0,7.8958,S,Mr,NA,349219,NA,,0,0,0,0
1,2,female,30,0,0,12.35,Q,Miss,NA,234818,NA,,0,0,0,0
1,2,female,22,1,1,29,S,Mrs,NA,248738,NA,,0,1,1,0
0,3,male,,8,2,69.55,S,Mr,C,2343,NA,,1,0,0,6
1,1,female,36,0,0,135.6333,C,Miss,P,17760,C,32,0,0,0,0
0,3,male,61,0,0,6.2375,S,Mr,NA,345364,NA,,0,0,0,0
1,2,female,36,0,0,13,S,Mrs,NA,28551,D,,0,0,0,0
1,3,female,31,1,1,20.525,S,Mrs,NA,363291,NA,,0,1,1,1
1,1,female,16,0,1,57.9792,C,Miss,NA,111361,B,18,1,0,1,0
1,3,female,,2,0,23.25,Q,Miss,NA,367226,NA,,0,0,1,0
0,1,male,45.5,0,0,28.5,S,Mr,NA,113043,C,124,0,0,0,0
0,1,male,38,0,1,153.4625,S,Mr,P,17582,C,91,1,0,1,0
0,3,male,16,2,0,18,S,Mr,NA,345764,NA,,0,0,0,2
1,1,female,,1,0,133.65,S,Mrs,P,17611,D,42,0,0,1,0
0,3,male,,0,0,7.8958,S,Mr,NA,349225,NA,,0,0,0,0
0,1,male,29,1,0,66.6,S,Mr,NA,113776,C,2,0,0,1,0
1,1,female,41,0,0,134.5,C,Miss,NA,16966,E,40,0,0,0,0
1,3,male,45,0,0,8.05,S,Mr,NA,7598,NA,,0,0,0,0
0,1,male,45,0,0,35.5,S,Mr,NA,113784,A,,0,0,0,0
1,2,male,2,1,1,26,S,Master,NA,230080,F,2,1,0,1,1
1,1,female,24,3,2,263,S,Miss,NA,19950,C,25,1,0,1,2
0,2,male,28,0,0,13,S,Mr,NA,248740,NA,,0,0,0,0
0,2,male,25,0,0,13,S,Mr,NA,244361,NA,,0,0,0,0
0,2,male,36,0,0,13,S,Mr,NA,229236,NA,,0,0,0,0
1,2,female,24,0,0,13,S,Miss,NA,248733,F,33,0,0,0,0
1,2,female,40,0,0,13,S,Miss,NA,31418,NA,,0,0,0,0
1,3,female,,1,0,16.1,S,Mrs,NA,386525,NA,,0,0,0,0
1,3,male,3,1,1,15.9,S,Master,C,37671,NA,,1,0,1,0
0,3,male,42,0,0,8.6625,S,Mr,NA,315088,NA,,0,0,0,0
0,3,male,23,0,0,9.225,S,Mr,NA,7267,NA,,0,0,0,0
0,1,male,,0,0,35,S,Mr,NA,113510,C,128,0,0,0,0
0,3,male,15,1,1,7.2292,C,Mr,NA,2695,NA,,1,0,0,1
0,3,male,25,1,0,17.8,S,Mr,NA,349237,NA,,0,0,0,1
0,3,male,,0,0,7.225,C,Mr,NA,2647,NA,,0,0,0,0
0,3,male,28,0,0,9.5,S,Mr,NA,345783,NA,,0,0,0,0
1,1,female,22,0,1,55,S,Miss,NA,113505,E,33,1,0,1,0
0,2,female,38,0,0,13,S,Miss,NA,237671,NA,,0,0,0,0
1,3,female,,0,0,7.8792,Q,Miss,NA,330931,NA,,0,0,0,0
1,3,female,,0,0,7.8792,Q,Miss,NA,330980,NA,,0,0,0,0
0,3,male,40,1,4,27.9,S,Mr,NA,347088,NA,,0,1,0,5
0,2,male,29,1,0,27.7208,C,Mr,SCPARIS,2167,NA,,0,0,0,0
0,3,female,45,0,1,14.4542,C,Mrs,NA,2691,NA,,0,1,0,1
0,3,male,35,0,0,7.05,S,Mr,SOTON,3101310,NA,,0,0,0,0
0,3,male,,1,0,15.5,Q,Mr,NA,370365,NA,,0,0,1,0
0,3,male,30,0,0,7.25,S,Mr,C,7076,NA,,0,0,0,0
1,1,female,60,1,0,75.25,C,Mrs,NA,110813,D,37,0,0,0,0
1,3,female,,0,0,7.2292,C,Mrs,NA,2626,NA,,0,0,0,0
1,3,female,,0,0,7.75,Q,Miss,NA,14313,NA,,0,0,0,0
1,1,female,24,0,0,69.3,C,Mrs,P,17477,B,35,0,0,0,0
1,1,male,25,1,0,55.4417,C,Mr,NA,11765,E,50,0,0,0,0
0,3,male,18,1,0,6.4958,S,Mr,NA,3101267,NA,,0,0,0,0
0,3,male,19,0,0,8.05,S,Mr,NA,323951,NA,,0,0,0,0
0,1,male,22,0,0,135.6333,C,Mr,P,17760,C,99,0,0,0,0
0,3,female,3,3,1,21.075,S,Miss,NA,349909,NA,,1,0,0,3
1,1,female,,1,0,82.1708,C,Mrs,P,17604,NA,,0,0,0,1
1,3,female,22,0,0,7.25,S,Miss,C,7077,NA,,0,0,0,0
0,1,male,27,0,2,211.5,C,Mr,NA,113503,C,82,1,0,0,0
0,3,male,20,0,0,4.0125,C,Mr,NA,2648,NA,,0,0,0,0
0,3,male,19,0,0,7.775,S,Mr,NA,347069,NA,,0,0,0,0
1,1,female,42,0,0,227.525,C,Miss,P,17757,C,45,0,0,0,0
1,3,female,1,0,2,15.7417,C,Miss,NA,2653,NA,,1,0,1,0
0,3,male,32,0,0,7.925,S,Mr,SOTON,3101293,NA,,0,0,0,0
1,1,female,35,1,0,52,S,Mrs,NA,113789,NA,,0,0,0,1
0,3,male,,0,0,7.8958,S,Mr,NA,349227,NA,,0,0,0,0
0,2,male,18,0,0,73.5,S,Mr,S,14879,NA,,0,0,0,0
0,3,male,1,5,2,46.9,S,Master,C,2144,NA,,1,0,0,5
1,2,female,36,0,0,13,S,Miss,NA,27849,NA,,0,0,0,0
0,3,male,,0,0,7.7292,Q,Mr,NA,367655,NA,,0,0,0,0
1,2,female,17,0,0,12,C,Miss,S,1748,NA,,0,0,0,0
1,1,male,36,1,2,120,S,Mr,NA,113760,B,96,0,1,3,0
1,3,male,21,0,0,7.7958,S,Mr,NA,350034,NA,,0,0,0,0
0,3,male,28,2,0,7.925,S,Mr,NA,3101277,NA,,0,0,1,2
1,1,female,23,1,0,113.275,C,Miss,NA,35273,D,36,1,0,1,1
1,3,female,24,0,2,16.7,S,Mrs,P,9549,G,6,0,1,1,0
0,3,male,22,0,0,7.7958,S,Mr,NA,350052,NA,,0,0,0,0
0,3,female,31,0,0,7.8542,S,Miss,NA,350407,NA,,0,0,0,0
0,2,male,46,0,0,26,S,Mr,NA,28403,NA,,0,0,0,0
0,2,male,23,0,0,10.5,S,Dr,NA,244278,NA,,0,0,0,0
1,2,female,28,0,0,12.65,S,Mrs,NA,240929,NA,,0,0,0,0
1,3,male,39,0,0,7.925,S,Mr,SOTON,3101289,NA,,0,0,0,0
0,3,male,26,0,0,8.05,S,Mr,NA,341826,NA,,0,0,0,0
0,3,female,21,1,0,9.825,S,Miss,NA,4137,NA,,0,0,0,1
0,3,male,28,1,0,15.85,S,Mr,SOTON,3101279,NA,,0,0,1,0
0,3,female,20,0,0,8.6625,S,Miss,NA,315096,NA,,0,0,0,0
0,2,male,34,1,0,21,S,Mr,NA,28664,NA,,0,0,0,0
0,3,male,51,0,0,7.75,S,Mr,NA,347064,NA,,0,0,0,0
1,2,male,3,1,1,18.75,S,Master,NA,29106,NA,,1,0,3,1
0,3,male,21,0,0,7.775,S,Mr,NA,312992,NA,,0,0,0,0
0,3,female,,3,1,25.4667,S,Miss,NA,4133,NA,,1,0,0,3
0,3,male,,0,0,7.8958,S,Mr,NA,349222,NA,,0,0,0,0
0,3,male,,0,0,6.8583,Q,Mr,NA,394140,NA,,0,0,0,0
1,1,female,33,1,0,90,Q,Miss,NA,19928,C,78,0,0,0,1
0,2,male,,0,0,0,S,Mr,NA,239853,NA,,0,0,0,0
1,3,male,44,0,0,7.925,S,Mr,SOTON,3101269,NA,,0,0,0,0
0,3,female,,0,0,8.05,S,Mrs,NA,343095,NA,,0,0,0,0
1,2,female,34,1,1,32.5,S,Mrs,NA,28220,NA,,0,1,0,0
1,2,female,18,0,2,13,S,Miss,NA,250652,NA,,0,0,0,0
0,2,male,30,0,0,13,S,Mr,NA,28228,NA,,0,0,0,0
0,3,female,10,0,2,24.15,S,Miss,NA,345773,NA,,1,0,0,2
0,3,male,,0,0,7.8958,C,Mr,NA,349254,NA,,0,0,0,0
0,3,male,21,0,0,7.7333,Q,Mr,A,13032,NA,,0,0,0,0
0,3,male,29,0,0,7.875,S,Mr,NA,315082,NA,,0,0,0,0
0,3,female,28,1,1,14.4,S,Mrs,NA,347080,NA,,0,1,0,1
0,3,male,18,1,1,20.2125,S,Mr,NA,370129,NA,,1,0,0,1
0,3,male,,0,0,7.25,S,Mr,A,34244,NA,,0,0,0,0
1,2,female,28,1,0,26,S,Mrs,NA,2003,NA,,0,0,0,0
1,2,female,19,0,0,26,S,Miss,NA,250655,NA,,0,0,0,0
0,3,male,,0,0,7.75,Q,Mr,NA,364851,NA,,0,0,0,0
1,3,male,32,0,0,8.05,S,Mr,SOTON,392078,E,10,0,0,0,0
1,1,male,28,0,0,26.55,S,Mr,NA,110564,C,52,0,0,0,0
1,3,female,,1,0,16.1,S,Mrs,NA,376564,NA,,0,0,0,1
1,2,female,42,1,0,26,S,Mrs,S,3085,NA,,0,0,0,0
0,3,male,17,0,0,7.125,S,Mr,SOTON,3101274,NA,,0,0,0,0
0,1,male,50,1,0,55.9,S,Mr,NA,13507,E,44,0,0,1,0
1,1,female,14,1,2,120,S,Miss,NA,113760,B,98,1,0,3,0
0,3,female,21,2,2,34.375,S,Miss,W,6608,NA,,1,0,0,3
1,2,female,24,2,3,18.75,S,Mrs,NA,29106,NA,,1,1,3,1
0,1,male,64,1,4,263,S,Mr,NA,19950,C,27,0,1,2,1
0,2,male,31,0,0,10.5,S,Mr,C,18723,NA,,0,0,0,0
1,2,female,45,1,1,26.25,S,Mrs,F,13529,NA,,0,1,1,1
0,3,male,20,0,0,9.5,S,Mr,NA,345769,NA,,0,0,0,0
0,3,male,25,1,0,7.775,S,Mr,NA,347076,NA,,0,0,0,0
1,2,female,28,0,0,13,S,Miss,NA,230434,NA,,0,0,0,0
1,3,male,,0,0,8.1125,S,Mr,NA,65306,NA,,0,0,0,0
1,1,male,4,0,2,81.8583,S,Master,NA,33638,A,34,1,0,0,0
1,2,female,13,0,1,19.5,S,Miss,NA,250644,NA,,1,0,1,0
1,1,male,34,0,0,26.55,S,Mr,NA,113794,NA,,0,0,0,0
1,3,female,5,2,1,19.2583,C,Miss,NA,2666,NA,,1,0,3,0
1,1,male,52,0,0,30.5,S,Offr,NA,113786,C,104,0,0,0,0
0,2,male,36,1,2,27.75,S,Mr,C,34651,NA,,0,1,2,0
0,3,male,,1,0,19.9667,S,Mr,NA,65303,NA,,0,0,0,1
0,1,male,30,0,0,27.75,C,Mr,NA,113051,C,111,0,0,0,0
1,1,male,49,1,0,89.1042,C,Mr,NA,17453,C,92,0,0,1,0
0,3,male,,0,0,8.05,S,Mr,A,2817,NA,,0,0,0,0
1,3,male,29,0,0,7.8958,C,Mr,NA,349240,NA,,0,0,0,0
0,1,male,65,0,0,26.55,S,Mr,NA,13509,E,38,0,0,0,0
1,1,female,,1,0,51.8625,S,Mrs,NA,17464,D,21,0,0,0,0
1,2,female,50,0,0,10.5,S,Miss,F,13531,NA,,0,0,0,0
0,3,male,,0,0,7.75,Q,Mr,NA,371060,NA,,0,0,0,0
1,1,male,48,0,0,26.55,S,Mr,NA,19952,E,12,0,0,0,0
0,3,male,34,0,0,8.05,S,Mr,NA,364506,NA,,0,0,0,0
0,1,male,47,0,0,38.5,S,Mr,NA,111320,E,63,0,0,0,0
0,2,male,48,0,0,13,S,Mr,NA,234360,NA,,0,0,0,0
0,3,male,,0,0,8.05,S,Mr,A,2816,NA,,0,0,0,0
0,3,male,38,0,0,7.05,S,Mr,SOTON,3101306,NA,,0,0,0,0
0,2,male,,0,0,0,S,Mr,NA,239853,NA,,0,0,0,0
0,1,male,56,0,0,26.55,S,Mr,NA,113792,NA,,0,0,0,0
0,3,male,,0,0,7.725,Q,Mr,NA,36209,NA,,0,0,0,0
1,3,female,0.75,2,1,19.2583,C,Miss,NA,2666,NA,,1,0,3,0
0,3,male,,0,0,7.25,S,Mr,NA,323592,NA,,0,0,0,0
0,3,male,38,0,0,8.6625,S,Mr,NA,315089,NA,,0,0,0,0
1,2,female,33,1,2,27.75,S,Mrs,C,34651,NA,,0,1,1,1
1,2,female,23,0,0,13.7917,C,Mrs,S,541,D,,0,0,0,0
0,3,female,22,0,0,9.8375,S,Miss,NA,7553,NA,,0,0,0,0
0,1,male,,0,0,52,S,Mr,NA,110465,A,14,0,0,0,0
0,2,male,34,1,0,21,S,Mr,NA,31027,NA,,0,0,1,0
0,3,male,29,1,0,7.0458,S,Mr,NA,3460,NA,,0,0,0,1
0,3,male,22,0,0,7.5208,S,Mr,NA,350060,NA,,0,0,0,0
1,3,female,2,0,1,12.2875,S,Miss,NA,3101298,NA,,1,0,1,0
0,3,male,9,5,2,46.9,S,Master,C,2144,NA,,1,0,0,5
0,2,male,,0,0,0,S,Mr,NA,239854,NA,,0,0,0,0
0,3,male,50,0,0,8.05,S,Mr,A,3594,NA,,0,0,0,0
1,3,female,63,0,0,9.5875,S,Mrs,NA,4134,NA,,0,0,0,0
1,1,male,25,1,0,91.0792,C,Mr,NA,11967,B,49,0,0,1,0
0,3,female,,3,1,25.4667,S,Miss,NA,4133,NA,,1,0,0,3
1,1,female,35,1,0,90,S,Mrs,NA,19943,C,93,0,0,1,0
0,1,male,58,0,0,29.7,C,Mr,NA,11771,B,37,0,0,0,0
0,3,male,30,0,0,8.05,S,Mr,A,18509,NA,,0,0,0,0
1,3,male,9,1,1,15.9,S,Master,C,37671,NA,,1,0,1,0
0,3,male,,1,0,19.9667,S,Mr,NA,65304,NA,,0,0,0,1
0,3,male,21,0,0,7.25,S,Mr,SOTON,3101317,NA,,0,0,0,0
0,1,male,55,0,0,30.5,S,Mr,NA,113787,C,30,0,0,0,0
0,1,male,71,0,0,49.5042,C,Mr,P,17609,NA,,0,0,0,0
0,3,male,21,0,0,8.05,S,Mr,A,45380,NA,,0,0,0,0
0,3,male,,0,0,14.4583,C,Mr,NA,2627,NA,,0,0,0,0
1,1,female,54,1,0,78.2667,C,Miss,NA,36947,D,20,0,0,1,0
0,3,male,,0,0,15.1,S,Mr,C,6212,NA,,0,0,0,0
0,1,female,25,1,2,151.55,S,Mrs,NA,113781,C,26,0,1,1,1
0,3,male,24,0,0,7.7958,S,Mr,NA,350035,NA,,0,0,0,0
0,3,male,17,0,0,8.6625,S,Mr,NA,315086,NA,,0,0,0,0
0,3,female,21,0,0,7.75,Q,Miss,NA,364846,NA,,0,0,0,0
0,3,female,,0,0,7.6292,Q,Miss,NA,330909,NA,,0,0,0,0
0,3,female,37,0,0,9.5875,S,Miss,NA,4135,NA,,0,0,0,0
1,1,female,16,0,0,86.5,S,Miss,NA,110152,B,79,0,0,0,0
0,1,male,18,1,0,108.9,C,Mr,P,17758,C,65,0,0,1,0
1,2,female,33,0,2,26,S,Mrs,NA,26360,NA,,0,1,1,0
1,1,male,,0,0,26.55,S,Mr,NA,111427,NA,,0,0,0,0
0,3,male,28,0,0,22.525,S,Mr,C,4001,NA,,0,0,0,0
1,3,male,26,0,0,56.4958,S,Mr,NA,1601,NA,,0,0,0,0
1,3,male,29,0,0,7.75,Q,Mr,NA,382651,NA,,0,0,0,0
0,3,male,,0,0,8.05,S,Mr,SOTON,3101316,NA,,0,0,0,0
1,1,male,36,0,0,26.2875,S,Mr,P,17473,E,25,0,0,0,0
1,1,female,54,1,0,59.4,C,Mrs,P,17603,NA,,0,0,0,0
0,3,male,24,0,0,7.4958,S,Mr,NA,349209,NA,,0,0,0,0
0,1,male,47,0,0,34.0208,S,Mr,NA,36967,D,46,0,0,0,0
1,2,female,34,0,0,10.5,S,Mrs,C,34260,F,33,0,0,0,0
0,3,male,,0,0,24.15,Q,Mr,NA,371110,NA,,0,0,0,0
1,2,female,36,1,0,26,S,Mrs,NA,226875,NA,,0,0,0,0
0,3,male,32,0,0,7.8958,S,Mr,NA,349242,NA,,0,0,0,0
1,1,female,30,0,0,93.5,S,Miss,NA,12749,B,73,0,0,0,0
0,3,male,22,0,0,7.8958,S,Mr,NA,349252,NA,,0,0,0,0
0,3,male,,0,0,7.225,C,Mr,NA,2624,NA,,0,0,0,0
1,1,female,44,0,1,57.9792,C,Mrs,NA,111361,B,18,0,1,1,0
0,3,male,,0,0,7.2292,C,Mr,NA,2700,NA,,0,0,0,0
0,3,male,40.5,0,0,7.75,Q,Mr,NA,367232,NA,,0,0,0,0
1,2,female,50,0,0,10.5,S,Miss,W,14258,NA,,0,0,0,0
0,1,male,,0,0,221.7792,S,Mr,P,17483,C,95,0,0,0,0
0,3,male,39,0,0,7.925,S,Mr,NA,3101296,NA,,0,0,0,0
0,2,male,23,2,1,11.5,S,Mr,NA,29104,NA,,1,0,4,0
1,2,female,2,1,1,26,S,Miss,NA,26360,NA,,1,0,1,0
0,3,male,,0,0,7.2292,C,Mr,NA,2641,NA,,0,0,0,0
0,3,male,17,1,1,7.2292,C,Mr,NA,2690,NA,,1,0,0,1
1,3,female,,0,2,22.3583,C,Mrs,NA,2668,NA,,0,1,1,0
0,3,female,30,0,0,8.6625,S,Miss,NA,315084,NA,,0,0,0,0
1,2,female,7,0,2,26.25,S,Miss,F,13529,NA,,1,0,1,1
0,1,male,45,0,0,26.55,S,Offr,NA,113050,B,38,0,0,0,0
1,1,female,30,0,0,106.425,C,Miss,P,17761,C,84,0,0,0,0
0,3,male,,0,0,14.5,S,Mr,NA,364498,NA,,0,0,0,0
1,1,female,22,0,2,49.5,C,Miss,NA,13568,B,39,1,0,1,0
1,1,female,36,0,2,71,S,Miss,W,5735,B,22,1,0,0,1
0,3,female,9,4,2,31.275,S,Miss,NA,347082,NA,,1,0,0,6
0,3,female,11,4,2,31.275,S,Miss,NA,347082,NA,,1,0,0,6
1,2,male,32,1,0,26,S,Mr,NA,2908,NA,,0,0,1,0
0,1,male,50,1,0,106.425,C,Mr,P,17761,C,86,0,0,0,0
0,1,male,64,0,0,26,S,Mr,NA,693,NA,,0,0,0,0
1,2,female,19,1,0,26,S,Mrs,NA,2908,NA,,0,0,1,0
1,2,male,,0,0,13.8625,C,Mr,SCPARIS,2146,NA,,0,0,0,0
0,3,male,33,1,1,20.525,S,Mr,NA,363291,NA,,0,1,2,0
1,2,male,8,1,1,36.75,S,Master,C,33112,NA,,1,0,0,1
1,1,male,17,0,2,110.8833,C,Mr,NA,17421,C,70,1,0,1,1
0,2,male,27,0,0,26,S,Mr,NA,244358,NA,,0,0,0,0
0,3,male,,0,0,7.8292,Q,Mr,NA,330979,NA,,0,0,0,0
1,3,male,22,0,0,7.225,C,Mr,NA,2620,NA,,0,0,0,0
1,3,female,22,0,0,7.775,S,Miss,NA,347085,NA,,0,0,0,0
0,1,male,62,0,0,26.55,S,Mr,NA,113807,NA,,0,0,0,0
1,1,female,48,1,0,39.6,C,Royal,NA,11755,A,16,0,0,1,0
0,1,male,,0,0,227.525,C,Mr,P,17757,C,64,0,0,0,0
1,1,female,39,1,1,79.65,S,Mrs,NA,110413,E,67,0,1,1,1
1,3,female,36,1,0,17.4,S,Mrs,NA,345572,NA,,0,0,0,0
0,3,male,,0,0,7.75,Q,Mr,NA,372622,NA,,0,0,0,0
0,3,male,40,0,0,7.8958,S,Mr,NA,349251,NA,,0,0,0,0
0,2,male,28,0,0,13.5,S,Mr,NA,218629,NA,,0,0,0,0
0,3,male,,0,0,8.05,S,Mr,SOTON,392082,NA,,0,0,0,0
0,3,female,,0,0,8.05,S,Miss,SOTON,392087,NA,,0,0,0,0
0,3,male,24,2,0,24.15,S,Mr,A,48871,NA,,0,0,0,0
0,3,male,19,0,0,7.8958,S,Mr,NA,349205,NA,,0,0,0,0
0,3,female,29,0,4,21.075,S,Mrs,NA,349909,NA,,0,1,0,3
0,3,male,,0,0,7.2292,C,Mr,NA,2686,NA,,0,0,0,0
1,3,male,32,0,0,7.8542,S,Mr,NA,350417,NA,,0,0,0,0
1,2,male,62,0,0,10.5,S,Mr,S,752,NA,,0,0,0,0
1,1,female,53,2,0,51.4792,S,Mrs,NA,11769,C,101,0,0,0,0
1,1,male,36,0,0,26.3875,S,Mr,P,17474,E,25,0,0,0,0
1,3,female,,0,0,7.75,Q,Miss,NA,14312,NA,,0,0,0,0
0,3,male,16,0,0,8.05,S,Mr,A,20589,NA,,0,0,0,0
0,3,male,19,0,0,14.5,S,Mr,NA,358585,NA,,0,0,0,0
1,2,female,34,0,0,13,S,Miss,NA,243880,NA,,0,0,0,0
1,1,female,39,1,0,55.9,S,Mrs,NA,13507,E,44,0,0,0,1
0,3,female,,1,0,14.4583,C,Mrs,NA,2689,NA,,0,0,0,0
1,3,male,32,0,0,7.925,S,Mr,SOTON,3101286,NA,,0,0,0,0
1,2,female,25,1,1,30,S,Miss,NA,237789,NA,,1,0,1,1
1,1,female,39,1,1,110.8833,C,Mrs,NA,17421,C,68,0,1,1,1
0,2,male,54,0,0,26,S,Mr,NA,28403,NA,,0,0,0,0
0,1,male,36,0,0,40.125,C,Mr,NA,13049,A,10,0,0,0,0
0,3,male,,0,0,8.7125,C,Mr,NA,3411,NA,,0,0,0,0
1,1,female,18,0,2,79.65,S,Miss,NA,110413,E,68,1,0,1,1
0,2,male,47,0,0,15,S,Mr,NA,237565,NA,,0,0,0,0
1,1,male,60,1,1,79.2,C,Mr,NA,13567,B,41,0,1,1,0
0,3,male,22,0,0,8.05,S,Mr,NA,14973,NA,,0,0,0,0
0,3,male,,0,0,8.05,S,Mr,A,3235,NA,,0,0,0,0
0,3,male,35,0,0,7.125,S,Mr,SOTON,3101273,NA,,0,0,0,0
1,1,female,52,1,0,78.2667,C,Mrs,NA,36947,D,20,0,0,1,0
0,3,male,47,0,0,7.25,S,Mr,A,3902,NA,,0,0,0,0
0,3,female,,0,2,7.75,Q,Miss,NA,364848,NA,,1,0,0,2
0,2,male,37,1,0,26,S,Mr,S,29037,NA,,0,0,0,0
0,3,male,36,1,1,24.15,S,Mr,NA,345773,NA,,0,1,0,2
1,2,female,,0,0,33,S,Miss,NA,248727,NA,,0,0,0,0
0,3,male,49,0,0,0,S,Mr,NA,0,NA,,0,0,0,0
0,3,male,,0,0,7.225,C,Mr,NA,2664,NA,,0,0,0,0
1,1,male,49,1,0,56.9292,C,Royal,P,17485,A,20,0,0,1,0
1,2,female,24,2,1,27,S,Mrs,NA,243847,NA,,1,0,1,1
0,3,male,,0,0,7.8958,S,Mr,NA,349214,NA,,0,0,0,0
0,1,male,,0,0,42.4,S,Mr,NA,113796,NA,,0,0,0,0
0,3,male,44,0,0,8.05,S,Mr,NA,364511,NA,,0,0,0,0
1,1,male,35,0,0,26.55,C,Mr,NA,111426,NA,,0,0,0,0
0,3,male,36,1,0,15.55,S,Mr,NA,349910,NA,,0,0,0,0
0,3,male,30,0,0,7.8958,S,Mr,NA,349246,NA,,0,0,0,0
1,1,male,27,0,0,30.5,S,Mr,NA,113804,NA,,0,0,0,0
1,2,female,22,1,2,41.5792,C,Mrs,SCPARIS,2123,NA,,0,1,1,1
1,1,female,40,0,0,153.4625,S,Miss,P,17582,C,125,0,0,0,0
0,3,female,39,1,5,31.275,S,Mrs,NA,347082,NA,,0,1,0,6
0,3,male,,0,0,7.05,S,Mr,SOTON,3101305,NA,,0,0,0,0
1,3,female,,1,0,15.5,Q,Miss,NA,367230,NA,,0,0,1,0
0,3,male,,0,0,7.75,Q,Mr,NA,370377,NA,,0,0,0,0
0,3,male,35,0,0,8.05,S,Mr,NA,364512,NA,,0,0,0,0
1,2,female,24,1,2,65,S,Miss,NA,220845,NA,,1,0,1,0
0,3,male,34,1,1,14.4,S,Mr,NA,347080,NA,,0,1,0,1
0,3,female,26,1,0,16.1,S,Mrs,A,3336,NA,,0,0,0,1
1,2,female,4,2,1,39,S,Miss,NA,230136,F,4,1,0,1,0
0,2,male,26,0,0,10.5,S,Mr,NA,31028,NA,,0,0,0,0
0,3,male,27,1,0,14.4542,C,Mr,NA,2659,NA,,0,0,1,0
1,1,male,42,1,0,52.5542,S,Mr,NA,11753,D,19,0,0,0,0
1,3,male,20,1,1,15.7417,C,Mr,NA,2653,NA,,0,1,1,0
0,3,male,21,0,0,7.8542,S,Mr,NA,350029,NA,,0,0,0,0
0,3,male,21,0,0,16.1,S,Mr,NA,54636,NA,,0,0,0,0
0,1,male,61,0,0,32.3208,S,Mr,NA,36963,D,50,0,0,0,0
0,2,male,57,0,0,12.35,Q,Rev,NA,219533,NA,,0,0,0,0
1,1,female,21,0,0,77.9583,S,Miss,NA,13502,D,9,0,0,0,0
0,3,male,26,0,0,7.8958,S,Mr,NA,349224,NA,,0,0,0,0
0,3,male,,0,0,7.7333,Q,Mr,NA,334912,NA,,0,0,0,0
1,1,male,80,0,0,30,S,Mr,NA,27042,A,23,0,0,0,0
0,3,male,51,0,0,7.0542,S,Mr,NA,347743,NA,,0,0,0,0
1,1,male,32,0,0,30.5,C,Dr,NA,13214,B,50,0,0,0,0
0,1,male,,0,0,0,S,Mr,NA,112052,NA,,0,0,0,0
0,3,female,9,3,2,27.9,S,Miss,NA,347088,NA,,1,0,0,5
1,2,female,28,0,0,13,S,Miss,NA,237668,NA,,0,0,0,0
0,3,male,32,0,0,7.925,S,Mr,SOTON,3101292,NA,,0,0,0,0
0,2,male,31,1,1,26.25,S,Mr,C,31921,NA,,0,1,2,0
0,3,female,41,0,5,39.6875,S,Mrs,NA,3101295,NA,,0,1,0,5
0,3,male,,1,0,16.1,S,Mr,NA,376564,NA,,0,0,1,0
0,3,male,20,0,0,7.8542,S,Mr,NA,350050,NA,,0,0,0,0
1,1,female,24,0,0,69.3,C,Miss,P,17477,B,35,0,0,0,0
0,3,female,2,3,2,27.9,S,Miss,NA,347088,NA,,1,0,0,5
1,3,male,,0,0,56.4958,S,Mr,NA,1601,NA,,0,0,0,0
1,3,female,0.75,2,1,19.2583,C,Miss,NA,2666,NA,,1,0,3,0
1,1,male,48,1,0,76.7292,C,Mr,P,17572,D,33,0,0,1,0
0,3,male,19,0,0,7.8958,S,Mr,NA,349231,NA,,0,0,0,0
1,1,male,56,0,0,35.5,C,Offr,NA,13213,A,26,0,0,0,0
0,3,male,,0,0,7.55,S,Mr,S,751,NA,,0,0,0,0
1,3,female,23,0,0,7.55,S,Miss,C,2314,NA,,0,0,0,0
0,3,male,,0,0,7.8958,S,Mr,NA,349221,NA,,0,0,0,0
1,2,female,18,0,1,23,S,Miss,NA,231919,NA,,1,0,1,0
0,3,male,21,0,0,8.4333,S,Mr,NA,8475,NA,,0,0,0,0
1,3,female,,0,0,7.8292,Q,Miss,NA,330919,NA,,0,0,0,0
0,3,female,18,0,0,6.75,Q,Miss,NA,365226,NA,,0,0,0,0
0,2,male,24,2,0,73.5,S,Mr,S,14879,NA,,0,0,0,2
0,3,male,,0,0,7.8958,S,Mr,NA,349223,NA,,0,0,0,0
0,3,female,32,1,1,15.5,Q,Mrs,NA,364849,NA,,0,1,0,2
0,2,male,23,0,0,13,S,Mr,NA,29751,NA,,0,0,0,0
0,1,male,58,0,2,113.275,C,Mr,NA,35273,D,48,0,1,2,0
1,1,male,50,2,0,133.65,S,Dr,P,17611,D,42,0,0,1,0
0,3,male,40,0,0,7.225,C,Mr,NA,2623,NA,,0,0,0,0
0,1,male,47,0,0,25.5875,S,Mr,NA,5727,E,58,0,0,0,0
0,3,male,36,0,0,7.4958,S,Mr,NA,349210,NA,,0,0,0,0
1,3,male,20,1,0,7.925,S,Mr,SOTON,3101285,NA,,0,0,1,0
0,2,male,32,2,0,73.5,S,Mr,S,14879,NA,,0,0,0,2
0,2,male,25,0,0,13,S,Mr,NA,234686,NA,,0,0,0,0
0,3,male,,0,0,7.775,S,Mr,NA,312993,NA,,0,0,0,0
0,3,male,43,0,0,8.05,S,Mr,A,3536,NA,,0,0,0,0
1,1,female,,1,0,52,S,Mrs,NA,19996,C,126,0,0,1,0
1,2,female,40,1,1,39,S,Mrs,NA,29750,NA,,0,1,0,1
0,1,male,31,1,0,52,S,Mr,F,12750,B,71,0,0,1,0
0,2,male,70,0,0,10.5,S,Mr,C,24580,NA,,0,0,0,0
1,2,male,31,0,0,13,S,Mr,NA,244270,NA,,0,0,0,0
0,2,male,,0,0,0,S,Mr,NA,239856,NA,,0,0,0,0
0,3,male,18,0,0,7.775,S,Mr,NA,349912,NA,,0,0,0,0
0,3,male,24.5,0,0,8.05,S,Mr,NA,342826,NA,,0,0,0,0
1,3,female,18,0,0,9.8417,S,Miss,NA,4138,NA,,0,0,0,0
0,3,female,43,1,6,46.9,S,Mrs,C,2144,NA,,0,1,0,5
1,1,male,36,0,1,512.3292,C,Mr,P,17755,B,51,1,0,0,0
0,3,female,,0,0,8.1375,Q,Miss,NA,330935,NA,,0,0,0,0
1,1,male,27,0,0,76.7292,C,Mr,P,17572,D,49,0,0,0,0
0,3,male,20,0,0,9.225,S,Mr,NA,6563,NA,,0,0,0,0
0,3,male,14,5,2,46.9,S,Mr,C,2144,NA,,1,0,0,5
0,2,male,60,1,1,39,S,Mr,NA,29750,NA,,0,1,1,0
0,2,male,25,1,2,41.5792,C,Mr,SCPARIS,2123,NA,,0,1,2,0
0,3,male,14,4,1,39.6875,S,Mr,NA,3101295,NA,,1,0,0,5
0,3,male,19,0,0,10.1708,S,Mr,NA,349228,NA,,0,0,0,0
0,3,male,18,0,0,7.7958,S,Mr,NA,350036,NA,,0,0,0,0
1,1,female,15,0,1,211.3375,S,Miss,NA,24160,B,5,1,0,1,0
1,1,male,31,1,0,57,S,Mr,NA,17474,B,20,0,0,1,0
1,3,female,4,0,1,13.4167,C,Miss,NA,349256,NA,,1,0,0,0
1,3,male,,0,0,56.4958,S,Mr,NA,1601,NA,,0,0,0,0
0,3,male,25,0,0,7.225,C,Mr,NA,2672,NA,,0,0,0,0
0,1,male,60,0,0,26.55,S,Offr,NA,113800,NA,,0,0,0,0
0,2,male,52,0,0,13.5,S,Mr,NA,248731,NA,,0,0,0,0
0,3,male,44,0,0,8.05,S,Mr,NA,363592,NA,,0,0,0,0
1,3,female,,0,0,7.7333,Q,Miss,NA,35852,NA,,0,0,0,0
0,1,male,49,1,1,110.8833,C,Mr,NA,17421,C,68,0,1,2,0
0,3,male,42,0,0,7.65,S,Mr,NA,348121,F,63,0,0,0,0
1,1,female,18,1,0,227.525,C,Mrs,P,17757,C,62,0,0,0,0
1,1,male,35,0,0,26.2875,S,Mr,P,17475,E,24,0,0,0,0
0,3,female,18,0,1,14.4542,C,Miss,NA,2691,NA,,1,0,0,1
0,3,male,25,0,0,7.7417,Q,Mr,NA,36864,NA,,0,0,0,0
0,3,male,26,1,0,7.8542,S,Mr,NA,350025,NA,,0,0,0,1
0,2,male,39,0,0,26,S,Mr,NA,250655,NA,,0,0,0,0
1,2,female,45,0,0,13.5,S,Mrs,NA,223596,NA,,0,0,0,0
1,1,male,42,0,0,26.2875,S,Mr,P,17476,E,24,0,0,0,0
1,1,female,22,0,0,151.55,S,Miss,NA,113781,C,22,0,0,0,0
1,3,male,,1,1,15.2458,C,Master,NA,2661,NA,,1,0,1,0
1,1,female,24,0,0,49.5042,C,Miss,P,17482,C,90,0,0,0,0
0,1,male,,0,0,26.55,S,Mr,NA,113028,C,124,0,0,0,0
1,1,male,48,1,0,52,S,Mr,NA,19996,C,126,0,0,1,0
0,3,male,29,0,0,9.4833,S,Mr,NA,7545,NA,,0,0,0,0
0,2,male,52,0,0,13,S,Mr,NA,250647,NA,,0,0,0,0
0,3,male,19,0,0,7.65,S,Mr,NA,348124,F,73,0,0,0,0
1,1,female,38,0,0,227.525,C,Miss,P,17757,C,45,0,0,0,0
1,2,female,27,0,0,10.5,S,Miss,NA,34218,E,101,0,0,0,0
0,3,male,,0,0,15.5,Q,Mr,NA,36568,NA,,0,0,0,0
0,3,male,33,0,0,7.775,S,Mr,NA,347062,NA,,0,0,0,0
1,2,female,6,0,1,33,S,Miss,NA,248727,NA,,1,0,0,1
0,3,male,17,1,0,7.0542,S,Mr,NA,350048,NA,,0,0,1,0
0,2,male,34,0,0,13,S,Mr,NA,12233,NA,,0,0,0,0
0,2,male,50,0,0,13,S,Mr,NA,250643,NA,,0,0,0,0
1,1,male,27,1,0,53.1,S,Mr,NA,113806,E,8,0,0,1,0
0,3,male,20,0,0,8.6625,S,Mr,NA,315094,NA,,0,0,0,0
1,2,female,30,3,0,21,S,Mrs,NA,31027,NA,,0,0,0,1
1,3,female,,0,0,7.7375,Q,Miss,NA,36866,NA,,0,0,0,0
0,2,male,25,1,0,26,S,Mr,NA,236853,NA,,0,0,0,0
0,3,female,25,1,0,7.925,S,Miss,SOTON,3101271,NA,,0,0,0,0
1,1,female,29,0,0,211.3375,S,Miss,NA,24160,B,5,0,0,0,0
0,3,male,11,0,0,18.7875,C,Mr,NA,2699,NA,,0,0,0,0
0,2,male,,0,0,0,S,Mr,NA,239855,NA,,0,0,0,0
0,2,male,23,0,0,13,S,Mr,NA,28425,NA,,0,0,0,0
0,2,male,23,0,0,13,S,Mr,NA,233639,NA,,0,0,0,0
0,3,male,28.5,0,0,16.1,S,Mr,NA,54636,NA,,0,0,0,0
0,3,female,48,1,3,34.375,S,Mrs,W,6608,NA,,0,1,0,3
1,1,male,35,0,0,512.3292,C,Mr,P,17755,B,101,0,0,0,0
0,3,male,,0,0,7.8958,S,Mr,NA,349201,NA,,0,0,0,0
0,3,male,,0,0,7.8958,S,Mr,NA,349218,NA,,0,0,0,0
1,1,male,,0,0,30,S,Mr,NA,16988,D,45,0,0,0,0
0,1,male,36,1,0,78.85,S,Mr,NA,19877,C,46,0,0,0,0
1,1,female,21,2,2,262.375,C,Miss,P,17608,B,59,1,0,1,0
0,3,male,24,1,0,16.1,S,Mr,NA,376566,NA,,0,0,0,0
1,3,male,31,0,0,7.925,S,Mr,SOTON,3101288,NA,,0,0,0,0
0,1,male,70,1,1,71,S,Offr,W,5735,B,22,0,1,1,0
0,3,male,16,1,1,20.25,S,Mr,C,2673,NA,,0,1,1,0
1,2,female,30,0,0,13,S,Miss,NA,250648,NA,,0,0,0,0
0,1,male,19,1,0,53.1,S,Mr,NA,113773,D,30,0,0,0,0
0,3,male,31,0,0,7.75,Q,Mr,NA,335097,NA,,0,0,0,0
1,2,female,4,1,1,23,S,Miss,NA,29103,NA,,1,0,0,0
1,3,male,6,0,1,12.475,S,Master,NA,392096,E,121,1,0,1,0
0,3,male,33,0,0,9.5,S,Mr,NA,345780,NA,,0,0,0,0
0,3,male,23,0,0,7.8958,S,Mr,NA,349204,NA,,0,0,0,0
1,2,female,48,1,2,65,S,Mrs,NA,220845,NA,,0,1,1,0
1,2,male,0.67,1,1,14.5,S,Master,NA,250649,NA,,1,0,1,0
0,3,male,28,0,0,7.7958,S,Mr,NA,350042,NA,,0,0,0,0
0,2,male,18,0,0,11.5,S,Mr,NA,29108,NA,,0,0,0,0
0,3,male,34,0,0,8.05,S,Mr,NA,363294,NA,,0,0,0,0
1,1,female,33,0,0,86.5,S,Royal,NA,110152,B,77,0,0,0,0
0,3,male,,0,0,14.5,S,Mr,NA,358585,NA,,0,0,0,0
0,3,male,41,0,0,7.125,S,Mr,SOTON,3101272,NA,,0,0,0,0
1,3,male,20,0,0,7.2292,C,Mr,NA,2663,NA,,0,0,0,0
1,1,female,36,1,2,120,S,Mrs,NA,113760,B,96,0,1,3,0
0,3,male,16,0,0,7.775,S,Mr,NA,347074,NA,,0,0,0,0
1,1,female,51,1,0,77.9583,S,Mrs,NA,13502,D,11,0,0,1,0
0,1,male,,0,0,39.6,C,Dr,NA,112379,NA,,0,0,0,0
0,3,female,30.5,0,0,7.75,Q,Miss,NA,364850,NA,,0,0,0,0
0,3,male,,1,0,24.15,Q,Mr,NA,371110,NA,,0,0,1,0
0,3,male,32,0,0,8.3625,S,Mr,NA,8471,NA,,0,0,0,0
0,3,male,24,0,0,9.5,S,Mr,NA,345781,NA,,0,0,0,0
0,3,male,48,0,0,7.8542,S,Mr,NA,350047,NA,,0,0,0,0
0,2,female,57,0,0,10.5,S,Mrs,S,3,E,77,0,0,0,0
0,3,male,,0,0,7.225,C,Mr,NA,2674,NA,,0,0,0,0
1,2,female,54,1,3,23,S,Mrs,NA,29105,NA,,0,1,3,1
0,3,male,18,0,0,7.75,S,Mr,NA,347078,NA,,0,0,0,0
0,3,male,,0,0,7.75,Q,Mr,NA,383121,F,38,0,0,0,0
1,3,female,5,0,0,12.475,S,Miss,NA,364516,NA,,0,0,0,0
0,3,male,,0,0,7.7375,Q,Mr,NA,36865,NA,,0,0,0,0
1,1,female,43,0,1,211.3375,S,Mrs,NA,24160,B,3,0,1,1,0
1,3,female,13,0,0,7.2292,C,Miss,NA,2687,NA,,0,0,0,0
1,1,female,17,1,0,57,S,Mrs,NA,17474,B,20,0,0,1,0
0,1,male,29,0,0,30,S,Mr,NA,113501,D,6,0,0,0,0
0,3,male,,1,2,23.45,S,Mr,W,6607,NA,,0,1,0,1
0,3,male,25,0,0,7.05,S,Mr,SOTON,3101312,NA,,0,0,0,0
0,3,male,25,0,0,7.25,S,Mr,NA,374887,NA,,0,0,0,0
1,3,female,18,0,0,7.4958,S,Miss,NA,3101265,NA,,0,0,0,0
0,3,male,8,4,1,29.125,Q,Master,NA,382652,NA,,1,0,0,4
1,3,male,1,1,2,20.575,S,Master,C,2315,NA,,1,0,0,1
0,1,male,46,0,0,79.2,C,Mr,P,17593,B,84,0,0,0,0
0,3,male,,0,0,7.75,Q,Mr,NA,12460,NA,,0,0,0,0
0,2,male,16,0,0,26,S,Mr,NA,239865,NA,,0,0,0,0
0,3,female,,8,2,69.55,S,Miss,C,2343,NA,,1,0,0,6
0,1,male,,0,0,30.6958,C,Mr,P,17600,NA,,0,0,0,0
0,3,male,25,0,0,7.8958,S,Mr,NA,349203,NA,,0,0,0,0
0,2,male,39,0,0,13,S,Mr,NA,28213,NA,,0,0,0,0
1,1,female,49,0,0,25.9292,S,Dr,NA,17465,D,17,0,0,0,0
1,3,female,31,0,0,8.6833,S,Mrs,NA,349244,NA,,0,0,0,0
0,3,male,30,0,0,7.2292,C,Mr,NA,2685,NA,,0,0,0,0
0,3,female,30,1,1,24.15,S,Mrs,NA,345773,NA,,0,1,0,2
0,2,male,34,0,0,13,S,Mr,NA,250647,NA,,0,0,0,0
1,2,female,31,1,1,26.25,S,Mrs,C,31921,NA,,0,1,1,1
1,1,male,11,1,2,120,S,Master,NA,113760,B,98,1,0,3,0
1,3,male,0.42,0,1,8.5167,C,Master,NA,2625,NA,,1,0,0,0
1,3,male,27,0,0,6.975,S,Mr,NA,347089,NA,,0,0,0,0
0,3,male,31,0,0,7.775,S,Mr,NA,347063,NA,,0,0,0,0
0,1,male,39,0,0,0,S,Mr,NA,112050,A,36,0,0,0,0
0,3,female,18,0,0,7.775,S,Miss,NA,347087,NA,,0,0,0,0
0,2,male,39,0,0,13,S,Mr,NA,248723,NA,,0,0,0,0
1,1,female,33,1,0,53.1,S,Mrs,NA,113806,E,8,0,0,1,0
0,3,male,26,0,0,7.8875,S,Mr,NA,3474,NA,,0,0,0,0
0,3,male,39,0,0,24.15,S,Mr,A,48871,NA,,0,0,0,0
0,2,male,35,0,0,10.5,S,Mr,NA,28206,NA,,0,0,0,0
0,3,female,6,4,2,31.275,S,Miss,NA,347082,NA,,1,0,0,6
0,3,male,30.5,0,0,8.05,S,Mr,NA,364499,NA,,0,0,0,0
0,1,male,,0,0,0,S,Mr,NA,112058,B,102,0,0,0,0
0,3,female,23,0,0,7.925,S,Miss,SOTON,3101290,NA,,0,0,0,0
0,2,male,31,1,1,37.0042,C,Mr,SCPARIS,2079,NA,,0,1,1,0
0,3,male,43,0,0,6.45,S,Mr,C,7075,NA,,0,0,0,0
0,3,male,10,3,2,27.9,S,Master,NA,347088,NA,,1,0,0,5
1,1,female,52,1,1,93.5,S,Mrs,NA,12749,B,69,0,1,0,1
1,3,male,27,0,0,8.6625,S,Mr,NA,315098,NA,,0,0,0,0
0,1,male,38,0,0,0,S,Royal,NA,19972,NA,,0,0,0,0
1,3,female,27,0,1,12.475,S,Mrs,NA,392096,E,121,0,1,1,0
0,3,male,2,4,1,39.6875,S,Master,NA,3101295,NA,,1,0,0,5
0,3,male,,0,0,6.95,Q,Mr,NA,368323,NA,,0,0,0,0
0,3,male,,0,0,56.4958,S,Mr,NA,1601,NA,,0,0,0,0
1,2,male,1,0,2,37.0042,C,Master,SCPARIS,2079,NA,,1,0,0,1
1,3,male,,0,0,7.75,Q,Mr,NA,367228,NA,,0,0,0,0
1,1,female,62,0,0,80,NA,Mrs,NA,113572,B,28,0,0,0,0
1,3,female,15,1,0,14.4542,C,Mrs,NA,2659,NA,,0,0,0,1
1,2,male,0.83,1,1,18.75,S,Master,NA,29106,NA,,1,0,3,1
0,3,male,,0,0,7.2292,C,Mr,NA,2671,NA,,0,0,0,0
0,3,male,23,0,0,7.8542,S,Mr,NA,347468,NA,,0,0,0,0
0,3,male,18,0,0,8.3,S,Mr,NA,2223,NA,,0,0,0,0
1,1,female,39,1,1,83.1583,C,Miss,P,17756,E,49,1,0,0,0
0,3,male,21,0,0,8.6625,S,Mr,NA,315097,NA,,0,0,0,0
0,3,male,,0,0,8.05,S,Mr,NA,392092,NA,,0,0,0,0
1,3,male,32,0,0,56.4958,S,Mr,NA,1601,NA,,0,0,0,0
1,1,male,,0,0,29.7,C,Mr,NA,11774,C,47,0,0,0,0
0,3,male,20,0,0,7.925,S,Mr,SOTON,3101287,NA,,0,0,0,0
0,2,male,16,0,0,10.5,S,Mr,S,3,E,77,0,0,0,0
1,1,female,30,0,0,31,C,Miss,NA,113798,NA,,0,0,0,0
0,3,male,34.5,0,0,6.4375,C,Mr,NA,2683,NA,,0,0,0,0
0,3,male,17,0,0,8.6625,S,Mr,NA,315090,NA,,0,0,0,0
0,3,male,42,0,0,7.55,S,Mr,C,5547,NA,,0,0,0,0
0,3,male,,8,2,69.55,S,Mr,C,2343,NA,,1,0,0,6
0,3,male,35,0,0,7.8958,C,Mr,NA,349213,NA,,0,0,0,0
0,2,male,28,0,1,33,S,Rev,NA,248727,NA,,0,1,1,0
1,1,female,,1,0,89.1042,C,Mrs,NA,17453,C,92,0,0,1,0
0,3,male,4,4,2,31.275,S,Master,NA,347082,NA,,1,0,0,6
0,3,male,74,0,0,7.775,S,Mr,NA,347060,NA,,0,0,0,0
0,3,female,9,1,1,15.2458,C,Miss,NA,2678,NA,,1,0,0,1
1,1,female,16,0,1,39.4,S,Miss,P,17592,D,28,1,0,0,0
0,2,female,44,1,0,26,S,Mrs,NA,244252,NA,,0,0,0,1
1,3,female,18,0,1,9.35,S,Mrs,NA,392091,NA,,0,1,0,0
1,1,female,45,1,1,164.8667,S,Mrs,NA,36928,C,9,0,1,1,0
1,1,male,51,0,0,26.55,S,Mr,NA,113055,E,17,0,0,0,0
1,3,female,24,0,3,19.2583,C,Mrs,NA,2666,NA,,0,1,3,0
0,3,male,,0,0,7.2292,C,Mr,NA,2629,NA,,0,0,0,0
0,3,male,41,2,0,14.1083,S,Mr,NA,350026,NA,,0,0,0,1
0,2,male,21,1,0,11.5,S,Mr,NA,28134,NA,,0,0,0,0
1,1,female,48,0,0,25.9292,S,Mrs,NA,17466,D,17,0,0,0,0
0,3,female,,8,2,69.55,S,Miss,C,2343,NA,,1,0,0,6
0,2,male,24,0,0,13,S,Mr,NA,233866,NA,,0,0,0,0
1,2,female,42,0,0,13,S,Mrs,NA,236852,NA,,0,0,0,0
1,2,female,27,1,0,13.8583,C,Miss,SCPARIS,2149,NA,,0,0,0,0
0,1,male,31,0,0,50.4958,S,Mr,P,17590,A,24,0,0,0,0
0,3,male,,0,0,9.5,S,Mr,NA,345777,NA,,0,0,0,0
1,3,male,4,1,1,11.1333,S,Master,NA,347742,NA,,1,0,2,0
0,3,male,26,0,0,7.8958,S,Mr,NA,349248,NA,,0,0,0,0
1,1,female,47,1,1,52.5542,S,Mrs,NA,11751,D,35,0,1,2,0
0,1,male,33,0,0,5,S,Mr,NA,695,B,55,0,0,0,0
0,3,male,47,0,0,9,S,Mr,NA,345765,NA,,0,0,0,0
1,2,female,28,1,0,24,C,Mrs,P,3381,NA,,0,0,0,1
1,3,female,15,0,0,7.225,C,Miss,NA,2667,NA,,0,0,0,0
0,3,male,20,0,0,9.8458,S,Mr,NA,7534,NA,,0,0,0,0
0,3,male,19,0,0,7.8958,S,Mr,NA,349212,NA,,0,0,0,0
0,3,male,,0,0,7.8958,S,Mr,NA,349217,NA,,0,0,0,0
1,1,female,56,0,1,83.1583,C,Mrs,NA,11767,C,50,0,1,0,0
1,2,female,25,0,1,26,S,Mrs,NA,230433,NA,,0,1,1,0
0,3,male,33,0,0,7.8958,S,Mr,NA,349257,NA,,0,0,0,0
0,3,female,22,0,0,10.5167,S,Miss,NA,7552,NA,,0,0,0,0
0,2,male,28,0,0,10.5,S,Mr,C,34068,NA,,0,0,0,0
0,3,male,25,0,0,7.05,S,Mr,SOTON,392076,NA,,0,0,0,0
0,3,female,39,0,5,29.125,Q,Mrs,NA,382652,NA,,0,1,0,4
0,2,male,27,0,0,13,S,Rev,NA,211536,NA,,0,0,0,0
1,1,female,19,0,0,30,S,Miss,NA,112053,B,42,0,0,0,0
0,3,female,,1,2,23.45,S,Miss,W,6607,NA,,1,0,0,1
1,1,male,26,0,0,30,C,Mr,NA,111369,C,148,0,0,0,0
0,3,male,32,0,0,7.75,Q,Mr,NA,370376,NA,,0,0,0,0
